product_name,manufacturer,category,description,approx_price_usd,price_basis,tractor_compatibility,tractor_class,performance_benefit,hp_gain,torque_gain_pct,fuel_efficiency_gain_pct,estimated_roi_percent,payback_hours,fits_production,source_notes
Power Chip Pro ECU Tune,Steinbauer Performance,Engine / ECU Tuning,Plug-in ECU tuning module that optimizes fuel maps and boost pressure within factory safety margins - no permanent modification to production ECU,1800.00,per tractor,JD 8R / 9R / Case IH Magnum / Steiger / NH T8 / T9 / Fendt 900 / 1000 / MF 8700S / Claas Axion 900 / Challenger MT800,Row Crop / 4WD,10-15% HP and torque increase within factory safety limits - uses production sensors and turbo,35,12,8,150,400,Yes - plug-in module uses OBD port - no ECU flash - fully reversible,Dyno-verified gains across multiple platforms; recommended for heavy draft and PTO work
AG Diesel Solutions Module,AG Diesel Solutions,Engine / ECU Tuning,Inline fuel controller module that adjusts injection timing and duration for increased power and efficiency,1400.00,per tractor,JD 8R / 9R / Case IH Magnum / Steiger / NH T8 / T9 / Fendt 900 / 1000 / MF 8700S / Kubota M7 / M8,Row Crop / 4WD / Utility,8-12% HP increase with improved fuel economy - works with production turbo and injection system,25,10,6,130,350,Yes - inline connector on fuel rail harness - no permanent changes,Independent dyno tests showing consistent gains; strong presence in Midwest row crop operations
Bully Dog GT Tuner,Bully Dog (Derive Systems),Engine / ECU Tuning,Handheld ECU programmer with multiple power levels and data monitoring via production OBD port,900.00,per tractor,JD 8R / 9R / Case IH Magnum / Steiger / NH T8 / T9 / Challenger MT800,Row Crop / 4WD,Multiple power levels selectable by operator - monitors all production sensor data in real time,30,10,5,120,300,Yes - programs through OBD-II port - returns to stock with one button,Well established in ag and truck markets; multiple power level flexibility
High-Flow Turbo Upgrade,BorgWarner Aftermarket,Engine / Turbo,Drop-in turbocharger with larger compressor wheel and optimized A/R housing that bolts to production exhaust manifold,3200.00,per tractor,JD 8R 340-410 / 9R 540-640 / Case IH Magnum 340-380 / Steiger 540-620 / NH T8.410-435,Row Crop / 4WD,15-20% more airflow supporting higher boost on tuned engines - uses production oil and coolant lines,40,15,3,90,600,Yes - direct bolt-on to production exhaust manifold and oil feed,Requires ECU tune to fully utilize; matched to factory exhaust manifold bolt pattern
Performance Air Intake Kit,aFe Power,Engine / Intake,High-flow air intake system with oiled cotton filter replacing restrictive factory airbox - production mounting points,450.00,per tractor,JD 8R / 9R / Case IH Magnum / Steiger / NH T8 / T9 / Fendt 900 / 1000 / MF 8700S / Claas Axion 900 / Challenger MT800 / Kubota M7 / M8,All Classes,Reduced intake restriction - better turbo spool - longer filter service intervals vs paper element,5,3,4,180,150,Yes - uses production air intake mounting and filter housing dimensions,Dyno shows 3-5 HP gain standalone; best paired with tuning; fits production airbox mounts
Performance Exhaust System,Flo-Pro Exhaust,Engine / Exhaust,Larger diameter mandrel-bent exhaust with reduced backpressure - bolts to production turbo downpipe flange,1200.00,per tractor,JD 8R / 9R / Case IH Magnum / Steiger / NH T8 / T9 / Challenger MT800,Row Crop / 4WD,Reduced exhaust backpressure improves turbo efficiency and EGT - production downpipe bolt pattern,8,5,3,85,500,Yes - bolts to production turbo outlet flange - retains all emissions equipment,Works with or without ECU tune; must retain DPF/SCR for emissions compliance
Upgraded Intercooler Kit,Mishimoto Heavy Duty,Engine / Cooling,Larger core intercooler with production-fit end tanks and mounting brackets - direct replacement for factory unit,1600.00,per tractor,JD 8R / 9R / Case IH Magnum / Steiger / NH T8 / T9 / Fendt 1000 / Challenger MT800,Row Crop / 4WD,15-20% more charge air cooling capacity - lower intake temps sustain power in hot conditions,5,4,2,60,800,Yes - drop-in replacement using factory mounting brackets and hose connections,Critical for tuned engines in hot climates; prevents heat soak power loss
High-Capacity Hydraulic Pump,Prince Manufacturing,Hydraulics / Pump,Higher displacement gear pump that bolts to production pump mounting pad and uses factory supply lines,2800.00,per tractor,JD 8R / Case IH Magnum / NH T8 / MF 8700S / Kubota M8 / Claas Axion 900,Row Crop,15-20% more hydraulic flow for faster cycle times on loaders and implements - production mount pad,0,0,0,70,600,Yes - same mounting pad and port sizes as production pump,Ideal for operations running high-demand hydraulic implements; no engine modification needed
Performance Radiator,C&R Racing Ag,Engine / Cooling,Aluminum high-capacity radiator with 40% more core area - uses production mounting brackets and hose fittings,2200.00,per tractor,JD 8R / 9R / Case IH Magnum / Steiger / NH T8 / T9,Row Crop / 4WD,40% more cooling capacity prevents overheating in high-ambient or heavy-load conditions,0,0,3,55,900,Yes - production mounting bracket locations and hose connections,Essential for tuned engines or tractors in hot climates running at rated load continuously
Auxilliary Transmission Cooler,Derale Performance,Transmission / Cooling,Add-on transmission oil cooler kit with thermostatically controlled fan - taps into production trans cooler lines,650.00,per tractor,JD 8R / 9R / Case IH Magnum / Steiger / NH T8 / T9 / Fendt 900 / 1000 / MF 8700S / Claas Axion 900 / Challenger MT800,All Classes,Reduces transmission oil temperature 15-25 deg F - extends clutch pack and CVT belt life,0,0,0,200,200,Yes - inline on production trans cooler hoses with provided fittings,Highly recommended for CVT tractors in heavy tillage; extends CVT service life significantly
Outback Guidance eDriveX,Hemisphere GNSS (Outback),Guidance / Steering,Aftermarket auto-steer system with sub-inch accuracy GNSS - bolts to production steering column,6500.00,per tractor,JD 8R / 9R / Case IH Magnum / Steiger / NH T8 / T9 / Fendt 900 / 1000 / MF 8700S / Kubota M7 / M8 / Claas Axion 900 / Challenger MT800,All Classes,Sub-inch auto-steer accuracy reduces overlap and input waste - fits any tractor with hydraulic steering,0,0,8,120,500,Yes - universal steering column mount and hydraulic steering tap,Brand-agnostic alternative to factory guidance; saves on seed / fertilizer / chemical overlap
Raven Viper 4+ Rate Controller,Raven Industries,Precision Ag / Rate Control,Universal rate controller for variable rate application of liquid and granular products,4200.00,per tractor,JD 8R / 9R / Case IH Magnum / Steiger / NH T8 / T9 / Fendt 900 / 1000 / MF 8700S / Kubota M7 / M8 / Claas Axion 900 / Challenger MT800,All Classes,Prescription-based variable rate control reduces input costs 5-12% - ISO-compatible with any ISOBUS tractor,0,0,0,95,600,Yes - ISOBUS universal connector standard on all modern tractors,Proven 5-12% input savings from variable rate; integrates with any brand monitor via ISOBUS
Firestone Maxi Traction IF Tires,Firestone Ag (Bridgestone),Tires / Traction,IF (Increased Flexion) radial tires allowing 20% more load or 20% lower pressure at same load vs standard radials,8500.00,per set of 4,JD 8R / Case IH Magnum / NH T8 / Fendt 900 / MF 8700S / Kubota M8 / Claas Axion 900,Row Crop,20% lower operating pressure reduces compaction and increases traction - same rim as production wheels,0,0,4,75,800,Yes - fits production rims - same bolt pattern and offset as factory tires,University research shows 3-5% fuel savings from reduced slippage and compaction; fits factory rims
Michelin YieldBib IF Tires,Michelin Ag,Tires / Traction,IF technology row crop tires with CFO+ designation for 40% more load at same pressure,9200.00,per set of 4,JD 8R / Case IH Magnum / NH T8 / Fendt 900 / MF 8700S / Claas Axion 900,Row Crop,40% more load capacity at same pressure - reduces soil compaction and improves fuel efficiency,0,0,5,70,850,Yes - standard rim fitment on production wheels,Iowa State and Purdue studies show measurable yield improvement from reduced compaction
LSW (Low Sidewall) Wheel & Tire Package,Titan International,Tires / Traction,Low sidewall tires on larger diameter rims for reduced power hop and better ride - production axle bolt pattern,7800.00,per set of 4,JD 8R / 9R / Case IH Magnum / Steiger / NH T8 / T9 / Fendt 900 / 1000,Row Crop / 4WD,Eliminates power hop - reduces road lope - less tire squirm improves fuel efficiency and draft performance,0,0,4,65,900,Yes - same hub bolt pattern as production - requires LSW specific rim,Proven to eliminate power hop issues; particularly effective on CVT tractors
Ballast Management Wheel Weights,Titan Machinery,Ballast / Traction,Precision-fit bolt-on wheel weights matched to production rim bolt patterns for optimal weight distribution,2400.00,per set,JD 8R / 9R / Case IH Magnum / Steiger / NH T8 / T9 / Fendt 900 / 1000 / MF 8700S / Claas Axion 900 / Challenger MT800,All Classes,Optimized ballast improves traction efficiency and reduces slip - matched to production rim bolt circle,0,0,5,110,300,Yes - bolt-on to production rim bolt pattern - brand-specific kits available,ASABE data shows 2-5% fuel savings from proper ballast; bolt-on to factory rims
SureFire Triple-Band Dribble Bar,SureFire Ag Systems,Precision Ag / Application,Triple-band coulter injection fertilizer system for sidedress - fits production 3-point or toolbar mounts,3800.00,per row,JD 8R / 9R / Case IH Magnum / Steiger / NH T8 / T9 / Fendt 900 / 1000 / MF 8700S,Row Crop / 4WD,Precision nitrogen placement reduces N loss and improves uptake 8-15% vs broadcast - production Cat 3 hitch,0,0,0,85,450,Yes - Cat 2/3 three-point hitch mount standard on all row crop and 4WD tractors,University trials showing 8-15% N efficiency improvement vs broadcast application
Ag Leader InCommand 1200 Display,Ag Leader Technology,Precision Ag / Display,Universal ISOBUS display with mapping and variable rate capable - replaces or supplements factory monitor,4800.00,per tractor,JD 8R / 9R / Case IH Magnum / Steiger / NH T8 / T9 / Fendt 900 / 1000 / MF 8700S / Kubota M7 / M8 / Claas Axion 900 / Challenger MT800,All Classes,Brand-agnostic precision ag display with full ISOBUS control and yield/application mapping,0,0,0,80,700,Yes - ISOBUS connector standard on all modern tractors - cab mount bracket included,Single display across mixed brand fleets; eliminates need for brand-specific monitors
CVT Transmission Cooler Upgrade,Setrab Oil Coolers,Transmission / Cooling,High-performance stacked-plate transmission cooler replacing production tube-and-fin unit,1400.00,per tractor,JD 8R (IVT) / Case IH Magnum (CVX) / NH T8 (Auto Command) / Fendt 900 (Vario) / MF 8700S (Dyna-VT) / Claas Axion 900 (CMATIC),Row Crop (CVT only),30% more cooling capacity for CVT fluid - reduces operating temperature and extends CVT service life,0,0,0,160,250,Yes - same hose fittings and mounting dimensions as production cooler,Critical upgrade for CVT tractors in heavy tillage; reduces CVT oil temp 20-30 deg F
LED Light Conversion Kit,Grote Industries,Electrical / Lighting,Full LED work light conversion replacing halogen/HID production lights with high-output LEDs - production housings,1200.00,per tractor,JD 8R / 9R / Case IH Magnum / Steiger / NH T8 / T9 / Fendt 900 / 1000 / MF 8700S / Kubota M7 / M8 / Claas Axion 900 / Challenger MT800,All Classes,3x light output vs halogen with 50000 hour life - production light housing and connector fitment,0,0,0,200,200,Yes - direct replacement in production light housings with factory connectors,Essential for operations running at night; pays for itself in reduced bulb replacement
Heavy-Duty Air Filter System,Donaldson PowerCore,Engine / Intake,Production-fit high-capacity air filtration system with longer service intervals and better dust holding,380.00,per tractor,JD 8R / 9R / Case IH Magnum / Steiger / NH T8 / T9 / Fendt 900 / 1000 / MF 8700S / Kubota M7 / M8 / Claas Axion 900 / Challenger MT800,All Classes,2x dust holding capacity vs standard paper filter - same housing fit - longer intervals reduce downtime,3,1,2,250,100,Yes - drops into production air filter housing - same dimensions as factory element,Industry standard upgrade; reduces filter changes by 50% in dusty conditions
