rank,perf_tier,product_name,manufacturer,category,approx_price_usd,price_basis,hp_gain,torque_gain_pct,fuel_efficiency_gain_pct,fuel_savings_per_hour,roi_percent,payback_hours,composite_score,fits_production,tractor_compatibility,tractor_class,performance_benefit,source_notes
1,Top Tier,Heavy-Duty Air Filter System,Donaldson PowerCore,Engine / Intake,380.0,per tractor,3.0,1.0,2.0,0.61,250.0,100.0,136.4,Yes - drops into production air filter housing - same dimensions as factory element,JD 8R / 9R / Case IH Magnum / Steiger / NH T8 / T9 / Fendt 900 / 1000 / MF 8700S / Kubota M7 / M8 / Claas Axion 900 / Challenger MT800,All Classes,2x dust holding capacity vs standard paper filter - same housing fit - longer intervals reduce downtime,Industry standard upgrade; reduces filter changes by 50% in dusty conditions
2,Top Tier,LED Light Conversion Kit,Grote Industries,Electrical / Lighting,1200.0,per tractor,0.0,0.0,0.0,0.0,200.0,200.0,112.4,Yes - direct replacement in production light housings with factory connectors,JD 8R / 9R / Case IH Magnum / Steiger / NH T8 / T9 / Fendt 900 / 1000 / MF 8700S / Kubota M7 / M8 / Claas Axion 900 / Challenger MT800,All Classes,3x light output vs halogen with 50000 hour life - production light housing and connector fitment,Essential for operations running at night; pays for itself in reduced bulb replacement
3,Top Tier,Auxilliary Transmission Cooler,Derale Performance,Transmission / Cooling,650.0,per tractor,0.0,0.0,0.0,0.0,200.0,200.0,110.4,Yes - inline on production trans cooler hoses with provided fittings,JD 8R / 9R / Case IH Magnum / Steiger / NH T8 / T9 / Fendt 900 / 1000 / MF 8700S / Claas Axion 900 / Challenger MT800,All Classes,Reduces transmission oil temperature 15-25 deg F - extends clutch pack and CVT belt life,Highly recommended for CVT tractors in heavy tillage; extends CVT service life significantly
4,Top Tier,Performance Air Intake Kit,aFe Power,Engine / Intake,450.0,per tractor,5.0,3.0,4.0,1.22,180.0,150.0,108.6,Yes - uses production air intake mounting and filter housing dimensions,JD 8R / 9R / Case IH Magnum / Steiger / NH T8 / T9 / Fendt 900 / 1000 / MF 8700S / Claas Axion 900 / Challenger MT800 / Kubota M7 / M8,All Classes,Reduced intake restriction - better turbo spool - longer filter service intervals vs paper element,Dyno shows 3-5 HP gain standalone; best paired with tuning; fits production airbox mounts
5,Top Tier,Power Chip Pro ECU Tune,Steinbauer Performance,Engine / ECU Tuning,1800.0,per tractor,35.0,12.0,8.0,2.43,150.0,400.0,98.7,Yes - plug-in module uses OBD port - no ECU flash - fully reversible,JD 8R / 9R / Case IH Magnum / Steiger / NH T8 / T9 / Fendt 900 / 1000 / MF 8700S / Claas Axion 900 / Challenger MT800,Row Crop / 4WD,10-15% HP and torque increase within factory safety limits - uses production sensors and turbo,Dyno-verified gains across multiple platforms; recommended for heavy draft and PTO work
6,Top Tier,AG Diesel Solutions Module,AG Diesel Solutions,Engine / ECU Tuning,1400.0,per tractor,25.0,10.0,6.0,1.82,130.0,350.0,89.0,Yes - inline connector on fuel rail harness - no permanent changes,JD 8R / 9R / Case IH Magnum / Steiger / NH T8 / T9 / Fendt 900 / 1000 / MF 8700S / Kubota M7 / M8,Row Crop / 4WD / Utility,8-12% HP increase with improved fuel economy - works with production turbo and injection system,Independent dyno tests showing consistent gains; strong presence in Midwest row crop operations
7,Top Tier,CVT Transmission Cooler Upgrade,Setrab Oil Coolers,Transmission / Cooling,1400.0,per tractor,0.0,0.0,0.0,0.0,160.0,250.0,88.1,Yes - same hose fittings and mounting dimensions as production cooler,JD 8R (IVT) / Case IH Magnum (CVX) / NH T8 (Auto Command) / Fendt 900 (Vario) / MF 8700S (Dyna-VT) / Claas Axion 900 (CMATIC),Row Crop (CVT only),30% more cooling capacity for CVT fluid - reduces operating temperature and extends CVT service life,Critical upgrade for CVT tractors in heavy tillage; reduces CVT oil temp 20-30 deg F
8,Top Tier,Bully Dog GT Tuner,Bully Dog (Derive Systems),Engine / ECU Tuning,900.0,per tractor,30.0,10.0,5.0,1.52,120.0,300.0,83.3,Yes - programs through OBD-II port - returns to stock with one button,JD 8R / 9R / Case IH Magnum / Steiger / NH T8 / T9 / Challenger MT800,Row Crop / 4WD,Multiple power levels selectable by operator - monitors all production sensor data in real time,Well established in ag and truck markets; multiple power level flexibility
9,Top Tier,Outback Guidance eDriveX,Hemisphere GNSS (Outback),Guidance / Steering,6500.0,per tractor,0.0,0.0,8.0,2.43,120.0,500.0,72.1,Yes - universal steering column mount and hydraulic steering tap,JD 8R / 9R / Case IH Magnum / Steiger / NH T8 / T9 / Fendt 900 / 1000 / MF 8700S / Kubota M7 / M8 / Claas Axion 900 / Challenger MT800,All Classes,Sub-inch auto-steer accuracy reduces overlap and input waste - fits any tractor with hydraulic steering,Brand-agnostic alternative to factory guidance; saves on seed / fertilizer / chemical overlap
10,Top Tier,Ballast Management Wheel Weights,Titan Machinery,Ballast / Traction,2400.0,per set,0.0,0.0,5.0,1.52,110.0,300.0,71.7,Yes - bolt-on to production rim bolt pattern - brand-specific kits available,JD 8R / 9R / Case IH Magnum / Steiger / NH T8 / T9 / Fendt 900 / 1000 / MF 8700S / Claas Axion 900 / Challenger MT800,All Classes,Optimized ballast improves traction efficiency and reduces slip - matched to production rim bolt circle,ASABE data shows 2-5% fuel savings from proper ballast; bolt-on to factory rims
11,Strong,High-Flow Turbo Upgrade,BorgWarner Aftermarket,Engine / Turbo,3200.0,per tractor,40.0,15.0,3.0,0.91,90.0,600.0,64.3,Yes - direct bolt-on to production exhaust manifold and oil feed,JD 8R 340-410 / 9R 540-640 / Case IH Magnum 340-380 / Steiger 540-620 / NH T8.410-435,Row Crop / 4WD,15-20% more airflow supporting higher boost on tuned engines - uses production oil and coolant lines,Requires ECU tune to fully utilize; matched to factory exhaust manifold bolt pattern
12,Strong,Raven Viper 4+ Rate Controller,Raven Industries,Precision Ag / Rate Control,4200.0,per tractor,0.0,0.0,0.0,0.0,95.0,600.0,59.3,Yes - ISOBUS universal connector standard on all modern tractors,JD 8R / 9R / Case IH Magnum / Steiger / NH T8 / T9 / Fendt 900 / 1000 / MF 8700S / Kubota M7 / M8 / Claas Axion 900 / Challenger MT800,All Classes,Prescription-based variable rate control reduces input costs 5-12% - ISO-compatible with any ISOBUS tractor,Proven 5-12% input savings from variable rate; integrates with any brand monitor via ISOBUS
13,Strong,Performance Exhaust System,Flo-Pro Exhaust,Engine / Exhaust,1200.0,per tractor,8.0,5.0,3.0,0.91,85.0,500.0,56.6,Yes - bolts to production turbo outlet flange - retains all emissions equipment,JD 8R / 9R / Case IH Magnum / Steiger / NH T8 / T9 / Challenger MT800,Row Crop / 4WD,Reduced exhaust backpressure improves turbo efficiency and EGT - production downpipe bolt pattern,Works with or without ECU tune; must retain DPF/SCR for emissions compliance
14,Strong,SureFire Triple-Band Dribble Bar,SureFire Ag Systems,Precision Ag / Application,3800.0,per row,0.0,0.0,0.0,0.0,85.0,450.0,55.5,Yes - Cat 2/3 three-point hitch mount standard on all row crop and 4WD tractors,JD 8R / 9R / Case IH Magnum / Steiger / NH T8 / T9 / Fendt 900 / 1000 / MF 8700S,Row Crop / 4WD,Precision nitrogen placement reduces N loss and improves uptake 8-15% vs broadcast - production Cat 3 hitch,University trials showing 8-15% N efficiency improvement vs broadcast application
15,Strong,Ag Leader InCommand 1200 Display,Ag Leader Technology,Precision Ag / Display,4800.0,per tractor,0.0,0.0,0.0,0.0,80.0,700.0,50.6,Yes - ISOBUS connector standard on all modern tractors - cab mount bracket included,JD 8R / 9R / Case IH Magnum / Steiger / NH T8 / T9 / Fendt 900 / 1000 / MF 8700S / Kubota M7 / M8 / Claas Axion 900 / Challenger MT800,All Classes,Brand-agnostic precision ag display with full ISOBUS control and yield/application mapping,Single display across mixed brand fleets; eliminates need for brand-specific monitors
16,Moderate,High-Capacity Hydraulic Pump,Prince Manufacturing,Hydraulics / Pump,2800.0,per tractor,0.0,0.0,0.0,0.0,70.0,600.0,42.3,Yes - same mounting pad and port sizes as production pump,JD 8R / Case IH Magnum / NH T8 / MF 8700S / Kubota M8 / Claas Axion 900,Row Crop,15-20% more hydraulic flow for faster cycle times on loaders and implements - production mount pad,Ideal for operations running high-demand hydraulic implements; no engine modification needed
17,Moderate,Firestone Maxi Traction IF Tires,Firestone Ag (Bridgestone),Tires / Traction,8500.0,per set of 4,0.0,0.0,4.0,1.22,75.0,800.0,39.8,Yes - fits production rims - same bolt pattern and offset as factory tires,JD 8R / Case IH Magnum / NH T8 / Fendt 900 / MF 8700S / Kubota M8 / Claas Axion 900,Row Crop,20% lower operating pressure reduces compaction and increases traction - same rim as production wheels,University research shows 3-5% fuel savings from reduced slippage and compaction; fits factory rims
18,Moderate,Upgraded Intercooler Kit,Mishimoto Heavy Duty,Engine / Cooling,1600.0,per tractor,5.0,4.0,2.0,0.61,60.0,800.0,38.1,Yes - drop-in replacement using factory mounting brackets and hose connections,JD 8R / 9R / Case IH Magnum / Steiger / NH T8 / T9 / Fendt 1000 / Challenger MT800,Row Crop / 4WD,15-20% more charge air cooling capacity - lower intake temps sustain power in hot conditions,Critical for tuned engines in hot climates; prevents heat soak power loss
19,Moderate,Michelin YieldBib IF Tires,Michelin Ag,Tires / Traction,9200.0,per set of 4,0.0,0.0,5.0,1.52,70.0,850.0,35.4,Yes - standard rim fitment on production wheels,JD 8R / Case IH Magnum / NH T8 / Fendt 900 / MF 8700S / Claas Axion 900,Row Crop,40% more load capacity at same pressure - reduces soil compaction and improves fuel efficiency,Iowa State and Purdue studies show measurable yield improvement from reduced compaction
20,Moderate,LSW (Low Sidewall) Wheel & Tire Package,Titan International,Tires / Traction,7800.0,per set of 4,0.0,0.0,4.0,1.22,65.0,900.0,34.0,Yes - same hub bolt pattern as production - requires LSW specific rim,JD 8R / 9R / Case IH Magnum / Steiger / NH T8 / T9 / Fendt 900 / 1000,Row Crop / 4WD,Eliminates power hop - reduces road lope - less tire squirm improves fuel efficiency and draft performance,Proven to eliminate power hop issues; particularly effective on CVT tractors
21,Situational,Performance Radiator,C&R Racing Ag,Engine / Cooling,2200.0,per tractor,0.0,0.0,3.0,0.91,55.0,900.0,28.0,Yes - production mounting bracket locations and hose connections,JD 8R / 9R / Case IH Magnum / Steiger / NH T8 / T9,Row Crop / 4WD,40% more cooling capacity prevents overheating in high-ambient or heavy-load conditions,Essential for tuned engines or tractors in hot climates running at rated load continuously
